TotalArea_x,TotalArea_y
0.,2457.
1.,2490.
2.,2508.
3.,2531.
4.,3008.
5.,3544.
6.,3925.
7.,4378.
8.,4815.
9.,5216.
10.,5617.
11.,5835.
12.,5934.
13.,6014.
14.,6042.
15.,6062.
16.,6083.
17.,6089.
18.,6091.
19.,6108.
20.,6109.
21.,6116.
22.,6110.
23.,6115.
24.,6116.
25.,6119.
26.,6113.
27.,6113.
28.,6113.
29.,6114.
30.,6123.
31.,6125.
32.,6126.
33.,6125.
34.,6124.
35.,6127.
36.,6128.
37.,6133.
38.,6136.
39.,6135.
40.,6133.
41.,6135.
42.,6135.
43.,6135.
44.,6135.
45.,6136.
46.,6135.
47.,6133.
48.,6133.
49.,6132.
50.,6133.
51.,6134.
52.,6137.
53.,6140.
54.,6142.
55.,6144.
56.,6146.
57.,6147.
58.,6147.
59.,6148.
60.,6149.
61.,6150.
62.,6151.
63.,6151.
64.,6151.
65.,6151.
66.,6150.
67.,6151.
68.,6153.
69.,6151.
70.,6151.
71.,6151.
72.,6153.
73.,6150.
74.,6150.
75.,6151.
76.,6149.
77.,6150.
78.,6151.
79.,6152.
80.,6153.
81.,6152.
82.,6153.
83.,6155.
84.,6155.
85.,6156.
86.,6155.
87.,6157.
88.,6156.
89.,6155.
90.,6157.
91.,6156.
92.,6155.
93.,6155.
94.,6155.
95.,6155.
96.,6156.
97.,6154.
98.,6154.
99.,6156.
100.,6155.
101.,6156.
102.,6155.
103.,6156.
104.,6154.
105.,6155.
106.,6155.
107.,6155.
108.,6156.
109.,6156.
110.,6157.
111.,6158.
112.,6158.
113.,6158.
114.,6158.
115.,6158.
116.,6160.
117.,6165.
118.,6164.
119.,6166.
120.,6166.
121.,6166.
122.,6165.
123.,6167.
124.,6166.
125.,6166.
126.,6170.
127.,6170.
128.,6172.
129.,6172.
130.,6172.
131.,6172.
132.,6172.
133.,6170.
134.,6170.
135.,6172.
136.,6172.
137.,6173.
138.,6172.
139.,6170.
140.,6171.
141.,6174.
142.,6172.
143.,6173.
144.,6174.
145.,6173.
146.,6173.
147.,6175.
148.,6175.
149.,6174.
150.,6172.
151.,6174.
152.,6174.
153.,6171.
154.,6172.
155.,6171.
156.,6172.
157.,6175.
158.,6174.
159.,6176.
160.,6178.
161.,6175.
162.,6177.
163.,6178.
164.,6178.
165.,6179.
166.,6179.
167.,6183.
168.,6185.
169.,6186.
170.,6188.
171.,6185.
172.,6184.
173.,6184.
174.,6183.
175.,6185.
176.,6184.
177.,6184.
178.,6184.
179.,6186.
180.,6182.
181.,6183.
182.,6182.
183.,6182.
184.,6184.
185.,6187.
186.,6190.
187.,6187.
188.,6189.
189.,6187.
190.,6188.
191.,6187.
192.,6187.
193.,6187.
194.,6189.
195.,6186.
196.,6186.
197.,6190.
198.,6189.
199.,6192.
200.,6194.
201.,6196.
202.,6194.
203.,6195.
204.,6193.
205.,6194.
206.,6197.
207.,6200.
208.,6200.
209.,6202.
210.,6204.
211.,6202.
212.,6205.
213.,6206.
214.,6206.
215.,6206.
216.,6207.
217.,6210.
218.,6211.
219.,6210.
220.,6212.
221.,6213.
222.,6211.
223.,6211.
224.,6211.
225.,6209.
226.,6205.
227.,6206.
228.,6207.
229.,6206.
230.,6206.
231.,6206.
232.,6206.
233.,6205.
234.,6204.
235.,6202.
236.,6203.
237.,6204.
238.,6203.
239.,6204.
240.,6203.
241.,6204.
242.,6202.
243.,6201.
244.,6201.
245.,6201.
246.,6201.
247.,6201.
248.,6202.
249.,6204.
250.,6206.
251.,6206.
252.,6206.
253.,6207.
254.,6207.
255.,6207.
256.,6207.
257.,6209.
258.,6208.
259.,6209.
260.,6209.
261.,6207.
262.,6207.
263.,6207.
264.,6208.
265.,6208.
266.,6207.
267.,6208.
268.,6208.
269.,6207.
270.,6207.
271.,6208.
272.,6208.
273.,6208.
274.,6208.
275.,6207.
276.,6206.
277.,6205.
278.,6203.
279.,6202.
280.,6201.
281.,6197.
282.,6195.
283.,6194.
284.,6187.
285.,6179.
286.,6170.
287.,6162.
288.,6158.
289.,6156.
290.,6153.
291.,6152.
292.,6149.
293.,6148.
294.,6145.
295.,6145.
296.,6143.
297.,6142.
298.,6140.
299.,6138.
300.,6138.
301.,6137.
302.,6136.
303.,6134.
304.,6134.
305.,6133.
306.,6134.
307.,6134.
308.,6132.
309.,6132.
310.,6132.
311.,6130.
312.,6130.
313.,6129.
314.,6128.
315.,6127.
316.,6127.
317.,6126.
318.,6125.
319.,6123.
320.,6123.
321.,6123.
322.,6122.
323.,6123.
324.,6123.
325.,6120.
326.,6120.
327.,6120.
328.,6120.
329.,6120.
330.,6123.
331.,6120.
332.,6121.
333.,6121.
334.,6121.
335.,6122.
336.,6123.
337.,6119.
338.,6118.
339.,6118.
340.,6120.
341.,6119.
342.,6118.
343.,6118.
344.,6118.
345.,6117.
346.,6118.
347.,6117.
348.,6117.
349.,6116.
350.,6117.
351.,6113.
352.,6113.
353.,6111.
354.,6112.
355.,6112.
356.,6111.
357.,6111.
358.,6111.
359.,6111.
360.,6113.
361.,6113.
362.,6110.
363.,6110.
364.,6110.
365.,6111.
366.,6111.
367.,6110.
368.,6113.
369.,6111.
370.,6111.
371.,6111.
372.,6110.
373.,6111.
374.,6111.
375.,6111.
376.,6111.
377.,6112.
378.,6112.
379.,6111.
380.,6112.
381.,6109.
382.,6109.
383.,6108.
384.,6109.
385.,6111.
386.,6113.
387.,6113.
388.,6113.
389.,6113.
390.,6113.
391.,6114.
392.,6114.
393.,6114.
394.,6114.
395.,6114.
396.,6114.
397.,6115.
398.,6115.
399.,6115.
400.,6116.
401.,6115.
402.,6115.
403.,6114.
404.,6115.
405.,6116.
406.,6116.
407.,6117.
408.,6116.
409.,6117.
410.,6118.
411.,6118.
412.,6117.
413.,6118.
414.,6120.
415.,6119.
416.,6119.
417.,6119.
418.,6117.
419.,6117.
420.,6117.
421.,6118.
422.,6119.
423.,6120.
424.,6120.
425.,6119.
426.,6119.
427.,6118.
428.,6118.
429.,6120.
430.,6119.
431.,6119.
432.,6119.
433.,6119.
434.,6119.
435.,6118.
436.,6118.
437.,6118.
438.,6121.
439.,6119.
440.,6121.
441.,6120.
442.,6120.
443.,6121.
444.,6120.
445.,6118.
446.,6118.
447.,6121.
448.,6122.
449.,6122.
450.,6121.
451.,6120.
452.,6121.
453.,6121.
454.,6123.
455.,6124.
456.,6124.
457.,6124.
458.,6124.
459.,6123.
460.,6123.
461.,6123.
462.,6123.
463.,6122.
464.,6123.
465.,6123.
466.,6124.
467.,6124.
468.,6124.
469.,6124.
470.,6125.
471.,6125.
472.,6125.
473.,6125.
474.,6126.
475.,6125.
476.,6127.
477.,6127.
478.,6126.
479.,6127.
480.,6127.
481.,6127.
482.,6127.
483.,6127.
484.,6129.
485.,6129.
486.,6129.
487.,6129.
488.,6129.
489.,6129.
490.,6129.
491.,6129.
492.,6129.
493.,6130.
494.,6130.
495.,6131.
496.,6132.
497.,6132.
498.,6132.
499.,6132.
500.,6131.
501.,6131.
502.,6130.
503.,6131.
504.,6132.
505.,6132.
506.,6132.
507.,6132.
508.,6133.
509.,6135.
510.,6134.
511.,6133.
512.,6135.
513.,6135.
514.,6136.
515.,6137.
516.,6138.
517.,6138.
518.,6139.
519.,6138.
520.,6138.
521.,6138.
522.,6136.
523.,6136.
524.,6136.
525.,6138.
526.,6137.
527.,6139.
528.,6139.
529.,6138.
530.,6139.
531.,6141.
532.,6140.
533.,6142.
534.,6142.
535.,6141.
536.,6143.
537.,6142.
538.,6140.
539.,6140.
540.,6140.
541.,6139.
542.,6140.
543.,6139.
544.,6140.
545.,6140.
546.,6143.
547.,6143.
548.,6142.
549.,6141.
550.,6142.
551.,6142.
552.,6142.
553.,6144.
554.,6146.
555.,6145.
556.,6145.
557.,6146.
558.,6147.
559.,6147.
560.,6147.
561.,6148.
562.,6149.
563.,6149.
564.,6151.
565.,6152.
566.,6150.
567.,6150.
568.,6151.
569.,6152.
570.,6153.
571.,6154.
572.,6154.
573.,6153.
574.,6154.
575.,6155.
576.,6155.
577.,6153.
578.,6154.
579.,6155.
580.,6155.
581.,6156.
582.,6155.
583.,6155.
584.,6155.
585.,6156.
586.,6155.
587.,6157.
588.,6159.
589.,6158.
590.,6159.
591.,6159.
592.,6160.
593.,6160.
594.,6161.
595.,6161.
596.,6161.
597.,6161.
598.,6162.
599.,6162.
600.,6162.
601.,6163.
602.,6163.
603.,6163.
604.,6163.
605.,6163.
606.,6163.
607.,6163.
608.,6164.
609.,6165.
610.,6165.
611.,6165.
612.,6166.
613.,6166.
614.,6166.
615.,6166.
616.,6169.
617.,6169.
618.,6171.
619.,6170.
620.,6170.
621.,6170.
622.,6170.
623.,6172.
624.,6172.
625.,6172.
626.,6172.
627.,6171.
628.,6171.
629.,6171.
630.,6171.
631.,6171.
632.,6171.
633.,6171.
634.,6172.
635.,6172.
636.,6173.
637.,6174.
638.,6173.
639.,6174.
640.,6174.
641.,6175.
642.,6176.
643.,6178.
644.,6178.
645.,6178.
646.,6178.
647.,6179.
648.,6180.
649.,6181.
650.,6180.
651.,6180.
652.,6179.
653.,6179.
654.,6180.
655.,6180.
656.,6180.
657.,6180.
658.,6179.
659.,6179.
660.,6180.
661.,6180.
662.,6180.
663.,6180.
664.,6181.
665.,6181.
666.,6181.
667.,6182.
668.,6183.
669.,6183.
670.,6183.
671.,6184.
672.,6185.
673.,6184.
674.,6185.
675.,6186.
676.,6186.
677.,6188.
678.,6190.
679.,6193.
680.,6194.
681.,6193.
682.,6193.
683.,6193.
684.,6192.
685.,6192.
686.,6192.
687.,6192.
688.,6192.
689.,6192.
690.,6192.
691.,6192.
692.,6192.
693.,6192.
694.,6192.
695.,6192.
696.,6192.
697.,6192.
698.,6192.
699.,6192.
700.,6192.
701.,6192.
702.,6192.
703.,6192.
704.,6192.
705.,6193.
706.,6197.
707.,6197.
708.,6197.
709.,6197.
710.,6198.
711.,6198.
712.,6198.
713.,6198.
714.,6198.
715.,6199.
716.,6199.
717.,6199.
718.,6199.
719.,6199.
720.,6200.
721.,6201.
722.,6201.
723.,6202.
724.,6202.
725.,6203.
726.,6204.
727.,6205.
728.,6206.
729.,6204.
730.,6204.
731.,6205.
732.,6205.
733.,6205.
734.,6206.
735.,6206.
736.,6206.
737.,6207.
738.,6207.
739.,6207.
740.,6207.
741.,6207.
742.,6207.
743.,6207.
744.,6207.
745.,6208.
746.,6208.
747.,6208.
748.,6208.
749.,6208.
750.,6208.
751.,6208.
752.,6208.
753.,6208.
754.,6209.
755.,6208.
756.,6208.
757.,6208.
758.,6208.
759.,6208.
760.,6208.
761.,6209.
762.,6209.
763.,6209.
764.,6209.
765.,6209.
766.,6209.
767.,6209.
768.,6210.
769.,6210.
770.,6210.
771.,6210.
772.,6210.
773.,6210.
774.,6210.
775.,6210.
776.,6211.
777.,6211.
778.,6210.
779.,6210.
780.,6211.
781.,6211.
782.,6211.
783.,6211.
784.,6211.
785.,6211.
786.,6211.
787.,6211.
788.,6211.
789.,6212.
790.,6212.
791.,6212.
792.,6211.
793.,6211.
794.,6212.
795.,6213.
796.,6213.
797.,6213.
798.,6213.
799.,6213.
800.,6213.
801.,6214.
802.,6214.
803.,6214.
804.,6214.
805.,6214.
806.,6214.
807.,6214.
808.,6214.
809.,6215.
810.,6215.
811.,6216.
812.,6216.
813.,6217.
814.,6216.
815.,6216.
816.,6217.
817.,6217.
818.,6217.
819.,6218.
820.,6218.
821.,6218.
822.,6218.
823.,6218.
824.,6219.
825.,6219.
826.,6219.
827.,6219.
828.,6219.
829.,6219.
830.,6219.
831.,6222.
832.,6222.
833.,6223.
834.,6224.
835.,6227.
836.,6227.
837.,6229.
838.,6228.
839.,6228.
840.,6230.
841.,6231.
842.,6231.
843.,6231.
844.,6232.
845.,6232.
846.,6233.
847.,6233.
848.,6233.
849.,6233.
850.,6233.
851.,6233.
852.,6234.
853.,6235.
854.,6236.
855.,6235.
856.,6235.
857.,6236.
858.,6236.
859.,6236.
860.,6237.
861.,6236.
862.,6238.
863.,6238.
864.,6238.
865.,6238.
866.,6237.
867.,6236.
868.,6236.
869.,6235.
870.,6235.
871.,6235.
872.,6236.
873.,6238.
874.,6239.
875.,6240.
876.,6240.
877.,6240.
878.,6241.
879.,6241.
880.,6241.
881.,6241.
882.,6243.
883.,6244.
884.,6244.
885.,6245.
886.,6246.
887.,6246.
888.,6247.
889.,6246.
890.,6246.
891.,6245.
892.,6246.
893.,6246.
894.,6247.
895.,6247.
896.,6247.
897.,6247.
898.,6247.
899.,6249.
900.,6249.
901.,6249.
902.,6250.
903.,6251.
904.,6252.
905.,6253.
906.,6254.
907.,6256.
908.,6255.
909.,6255.
910.,6254.
911.,6254.
912.,6254.
913.,6253.
914.,6253.
915.,6254.
916.,6254.
917.,6254.
918.,6254.
919.,6254.
920.,6254.
921.,6256.
922.,6257.
923.,6259.
924.,6259.
925.,6259.
926.,6259.
927.,6259.
928.,6259.
929.,6259.
930.,6259.
931.,6260.
932.,6262.
933.,6264.
934.,6264.
935.,6264.
936.,6264.
937.,6265.
938.,6265.
939.,6264.
940.,6264.
941.,6264.
942.,6264.
943.,6264.
944.,6264.
945.,6264.
946.,6264.
947.,6265.
948.,6265.
949.,6265.
950.,6265.
951.,6265.
952.,6266.
953.,6266.
954.,6266.
955.,6266.
956.,6266.
957.,6268.
958.,6269.
959.,6268.
960.,6268.
961.,6268.
962.,6268.
963.,6268.
964.,6268.
965.,6268.
966.,6268.
967.,6268.
968.,6268.
969.,6268.
970.,6268.
971.,6268.
972.,6268.
973.,6268.
974.,6268.
975.,6268.
976.,6268.
977.,6268.
978.,6268.
979.,6268.
980.,6268.
981.,6268.
982.,6268.
983.,6268.
984.,6268.
985.,6268.
986.,6268.
987.,6268.
988.,6268.
989.,6268.
990.,6268.
991.,6268.
992.,6268.
993.,6268.
994.,6271.
995.,6270.
996.,6271.
997.,6271.
998.,6271.
999.,6273.
1000.,6273.
1001.,6275.
1002.,6275.
1003.,6275.
1004.,6276.
1005.,6275.
1006.,6275.
1007.,6275.
1008.,6275.
1009.,6275.
1010.,6275.
1011.,6276.
1012.,6276.
1013.,6276.
1014.,6276.
1015.,6276.
1016.,6276.
1017.,6276.
1018.,6276.
1019.,6276.
1020.,6276.
1021.,6277.
1022.,6277.
1023.,6277.
1024.,6277.
1025.,6277.
1026.,6277.
1027.,6277.
1028.,6277.
1029.,6277.
1030.,6277.
1031.,6277.
1032.,6277.
1033.,6277.
1034.,6277.
1035.,6279.
1036.,6279.
1037.,6278.
1038.,6279.
1039.,6279.
1040.,6279.
1041.,6279.
1042.,6282.
1043.,6282.
1044.,6283.
1045.,6282.
1046.,6282.
1047.,6282.
1048.,6282.
1049.,6282.
1050.,6283.
1051.,6283.
1052.,6283.
1053.,6283.
1054.,6284.
1055.,6288.
1056.,6289.
1057.,6290.
1058.,6290.
1059.,6288.
1060.,6288.
1061.,6288.
1062.,6289.
1063.,6288.
1064.,6288.
1065.,6289.
1066.,6292.
1067.,6291.
1068.,6291.
1069.,6291.
1070.,6292.
1071.,6292.
1072.,6292.
1073.,6293.
1074.,6293.
1075.,6295.
1076.,6295.
1077.,6295.
1078.,6295.
1079.,6296.
1080.,6296.
1081.,6295.
1082.,6295.
1083.,6295.
1084.,6296.
1085.,6296.
1086.,6297.
1087.,6298.
1088.,6298.
1089.,6298.
1090.,6298.
1091.,6298.
1092.,6298.
1093.,6298.
1094.,6300.
1095.,6299.
1096.,6297.
1097.,6298.
1098.,6301.
1099.,6298.
1100.,6298.
1101.,6299.
1102.,6302.
1103.,6302.
1104.,6305.
1105.,6305.
1106.,6306.
1107.,6305.
1108.,6307.
1109.,6307.
1110.,6307.
1111.,6310.
1112.,6312.
1113.,6312.
1114.,6312.
1115.,6312.
1116.,6314.
1117.,6313.
1118.,6314.
1119.,6316.
1120.,6317.
1121.,6318.
1122.,6318.
1123.,6318.
1124.,6317.
1125.,6317.
1126.,6317.
1127.,6317.
1128.,6317.
1129.,6317.
1130.,6317.
1131.,6317.
1132.,6320.
1133.,6319.
1134.,6320.
1135.,6320.
1136.,6321.
1137.,6324.
1138.,6325.
1139.,6325.
1140.,6325.
1141.,6325.
1142.,6326.
1143.,6326.
1144.,6329.
1145.,6330.
1146.,6331.
1147.,6331.
1148.,6331.
1149.,6331.
1150.,6331.
1151.,6332.
1152.,6333.
1153.,6334.
1154.,6335.
1155.,6334.
1156.,6334.
1157.,6335.
1158.,6337.
1159.,6337.
1160.,6337.
1161.,6338.
1162.,6340.
1163.,6341.
1164.,6343.
1165.,6344.
1166.,6344.
1167.,6344.
1168.,6349.
1169.,6349.
1170.,6351.
1171.,6351.
1172.,6352.
1173.,6352.
1174.,6352.
1175.,6352.
1176.,6352.
1177.,6353.
1178.,6353.
1179.,6353.
1180.,6353.
1181.,6354.
1182.,6354.
1183.,6356.
1184.,6356.
1185.,6357.
1186.,6358.
1187.,6359.
1188.,6358.
1189.,6358.
1190.,6358.
1191.,6359.
1192.,6360.
1193.,6361.
1194.,6362.
1195.,6362.
1196.,6362.
1197.,6362.
1198.,6362.
1199.,6362.
1200.,6362.
1201.,6362.
1202.,6362.
1203.,6363.
1204.,6363.
1205.,6363.
1206.,6363.
1207.,6365.
1208.,6365.
1209.,6366.
1210.,6370.
1211.,6370.
1212.,6371.
1213.,6371.
1214.,6372.
1215.,6372.
1216.,6372.
1217.,6372.
1218.,6372.
1219.,6372.
1220.,6372.
1221.,6373.
1222.,6374.
1223.,6374.
1224.,6374.
1225.,6374.
1226.,6374.
1227.,6374.
1228.,6374.
1229.,6374.
1230.,6374.
1231.,6375.
1232.,6375.
1233.,6375.
1234.,6375.
1235.,6375.
1236.,6375.
1237.,6375.
1238.,6375.
1239.,6375.
1240.,6375.
1241.,6376.
1242.,6376.
1243.,6376.
1244.,6376.
1245.,6377.
1246.,6379.
1247.,6380.
1248.,6383.
1249.,6383.
1250.,6383.
1251.,6385.
1252.,6387.
1253.,6390.
1254.,6392.
1255.,6392.
1256.,6392.
1257.,6392.
1258.,6392.
1259.,6392.
1260.,6392.
1261.,6394.
1262.,6395.
1263.,6395.
1264.,6394.
1265.,6394.
1266.,6395.
1267.,6395.
1268.,6395.
1269.,6394.
1270.,6394.
1271.,6394.
1272.,6394.
1273.,6394.
1274.,6393.
1275.,6394.
1276.,6394.
1277.,6395.
1278.,6395.
1279.,6394.
1280.,6399.
1281.,6400.
1282.,6401.
1283.,6404.
1284.,6406.
1285.,6408.
1286.,6408.
1287.,6407.
1288.,6408.
1289.,6410.
1290.,6409.
1291.,6411.
1292.,6417.
1293.,6416.
1294.,6418.
1295.,6418.
1296.,6420.
1297.,6420.
1298.,6421.
1299.,6422.
1300.,6425.
1301.,6428.
1302.,6430.
1303.,6434.
1304.,6433.
1305.,6430.
1306.,6430.
1307.,6431.
1308.,6433.
1309.,6432.
1310.,6430.
1311.,6432.
1312.,6435.
1313.,6436.
1314.,6434.
1315.,6435.
1316.,6435.
1317.,6436.
1318.,6437.
1319.,6437.
1320.,6437.
1321.,6437.
1322.,6437.
1323.,6437.
1324.,6437.
1325.,6439.
1326.,6439.
1327.,6439.
1328.,6439.
1329.,6440.
1330.,6440.
1331.,6439.
1332.,6440.
1333.,6440.
1334.,6441.
1335.,6441.
1336.,6443.
1337.,6443.
1338.,6444.
1339.,6443.
1340.,6445.
1341.,6446.
1342.,6446.
1343.,6446.
1344.,6446.
1345.,6446.
1346.,6447.
1347.,6447.
1348.,6447.
1349.,6448.
1350.,6449.
1351.,6449.
1352.,6450.
1353.,6452.
1354.,6452.
1355.,6453.
1356.,6452.
1357.,6453.
1358.,6456.
1359.,6456.
1360.,6463.
1361.,6466.
1362.,6465.
1363.,6465.
1364.,6466.
1365.,6466.
1366.,6467.
1367.,6468.
1368.,6468.
1369.,6469.
1370.,6470.
1371.,6471.
1372.,6472.
1373.,6473.
1374.,6475.
1375.,6474.
1376.,6473.
1377.,6473.
1378.,6474.
1379.,6474.
1380.,6473.
1381.,6473.
1382.,6473.
1383.,6474.
1384.,6475.
1385.,6474.
1386.,6475.
1387.,6474.
1388.,6474.
1389.,6475.
1390.,6477.
1391.,6478.
1392.,6479.
1393.,6479.
1394.,6479.
1395.,6480.
1396.,6482.
1397.,6483.
1398.,6484.
1399.,6485.
1400.,6485.
1401.,6486.
1402.,6488.
1403.,6487.
1404.,6487.
1405.,6487.
1406.,6487.
1407.,6487.
1408.,6487.
1409.,6487.
1410.,6487.
1411.,6487.
1412.,6489.
1413.,6490.
1414.,6491.
1415.,6491.
1416.,6491.
1417.,6491.
1418.,6491.
1419.,6491.
1420.,6491.
1421.,6491.
1422.,6491.
1423.,6492.
1424.,6492.
1425.,6491.
1426.,6491.
1427.,6492.
1428.,6492.
1429.,6492.
1430.,6493.
1431.,6495.
1432.,6496.
1433.,6499.
1434.,6498.
1435.,6499.
1436.,6497.
1437.,6499.
1438.,6498.
1439.,6498.
1440.,6497.
1441.,6497.
1442.,6497.
1443.,6497.
1444.,6497.
1445.,6497.
1446.,6497.
1447.,6497.
1448.,6497.
1449.,6497.
1450.,6497.
1451.,6497.
1452.,6497.
1453.,6497.
1454.,6499.
1455.,6499.
1456.,6499.
1457.,6499.
1458.,6499.
1459.,6499.
1460.,6499.
1461.,6500.
1462.,6501.
1463.,6501.
1464.,6504.
1465.,6506.
1466.,6506.
1467.,6506.
1468.,6506.
1469.,6506.
1470.,6506.
1471.,6507.
1472.,6508.
1473.,6509.
1474.,6510.
1475.,6512.
1476.,6512.
1477.,6512.
1478.,6514.
1479.,6514.
1480.,6513.
1481.,6513.
1482.,6514.
1483.,6514.
1484.,6514.
1485.,6513.
1486.,6513.
1487.,6513.
1488.,6513.
1489.,6514.
1490.,6514.
1491.,6515.
1492.,6516.
1493.,6516.
1494.,6516.
1495.,6518.
1496.,6518.
1497.,6520.
1498.,6520.
1499.,6519.
1500.,6519.
1501.,6519.
1502.,6519.
1503.,6519.
1504.,6519.
1505.,6519.
1506.,6520.
1507.,6520.
1508.,6521.
1509.,6521.
1510.,6522.
1511.,6522.
1512.,6523.
1513.,6524.
1514.,6526.
1515.,6528.
1516.,6528.
1517.,6530.
1518.,6531.
1519.,6533.
1520.,6535.
1521.,6537.
1522.,6541.
1523.,6541.
1524.,6541.
1525.,6542.
1526.,6543.
1527.,6544.
1528.,6544.
1529.,6545.
1530.,6545.
1531.,6545.
1532.,6546.
1533.,6547.
1534.,6549.
1535.,6549.
1536.,6550.
1537.,6550.
1538.,6551.
1539.,6552.
1540.,6553.
1541.,6555.
1542.,6552.
1543.,6552.
1544.,6551.
1545.,6552.
1546.,6552.
1547.,6552.
1548.,6552.
1549.,6552.
1550.,6551.
1551.,6552.
1552.,6552.
1553.,6552.
1554.,6552.
1555.,6552.
1556.,6551.
1557.,6552.
1558.,6554.
1559.,6554.
1560.,6554.
1561.,6556.
1562.,6557.
1563.,6559.
1564.,6559.
1565.,6560.
1566.,6559.
1567.,6559.
1568.,6559.
1569.,6560.
1570.,6560.
1571.,6560.
1572.,6560.
1573.,6560.
1574.,6562.
1575.,6563.
1576.,6563.
1577.,6563.
1578.,6563.
1579.,6563.
1580.,6563.
1581.,6564.
1582.,6566.
1583.,6565.
1584.,6565.
1585.,6565.
1586.,6566.
1587.,6567.
1588.,6567.
1589.,6567.
1590.,6570.
1591.,6571.
1592.,6571.
1593.,6571.
1594.,6571.
1595.,6571.
1596.,6571.
1597.,6571.
1598.,6572.
1599.,6572.
1600.,6573.
1601.,6573.
1602.,6573.
1603.,6573.
1604.,6573.
1605.,6574.
1606.,6574.
1607.,6574.
1608.,6573.
1609.,6574.
1610.,6574.
1611.,6574.
1612.,6574.
1613.,6574.
1614.,6574.
1615.,6576.
1616.,6578.
1617.,6579.
1618.,6580.
1619.,6580.
1620.,6580.
1621.,6580.
1622.,6580.
1623.,6580.
1624.,6580.
1625.,6581.
1626.,6581.
1627.,6581.
1628.,6581.
1629.,6580.
1630.,6579.
1631.,6579.
1632.,6579.
1633.,6580.
1634.,6581.
1635.,6581.
1636.,6581.
1637.,6581.
1638.,6581.
1639.,6581.
1640.,6581.
1641.,6581.
1642.,6582.
1643.,6582.
1644.,6583.
1645.,6583.
1646.,6585.
1647.,6586.
1648.,6587.
1649.,6588.
1650.,6588.
1651.,6589.
1652.,6589.
1653.,6590.
1654.,6589.
1655.,6590.
1656.,6592.
1657.,6593.
1658.,6593.
1659.,6594.
1660.,6594.
1661.,6595.
1662.,6595.
1663.,6595.
1664.,6596.
1665.,6596.
1666.,6596.
1667.,6596.
1668.,6596.
1669.,6596.
1670.,6596.
1671.,6596.
1672.,6596.
1673.,6597.
1674.,6598.
1675.,6598.
1676.,6598.
1677.,6598.
1678.,6598.
1679.,6598.
1680.,6598.
1681.,6598.
1682.,6599.
1683.,6599.
1684.,6599.
1685.,6599.
1686.,6599.
1687.,6599.
1688.,6599.
1689.,6599.
1690.,6599.
1691.,6599.
1692.,6600.
1693.,6601.
1694.,6601.
1695.,6601.
1696.,6602.
1697.,6602.
1698.,6601.
1699.,6601.
1700.,6602.
1701.,6601.
1702.,6601.
1703.,6601.
1704.,6601.
1705.,6601.
1706.,6599.
1707.,6601.
1708.,6601.
1709.,6601.
1710.,6601.
1711.,6602.
1712.,6602.
1713.,6603.
1714.,6603.
1715.,6603.
1716.,6603.
1717.,6603.
1718.,6603.
1719.,6603.
1720.,6603.
1721.,6603.
1722.,6603.
1723.,6603.
1724.,6603.
1725.,6603.
1726.,6603.
1727.,6603.
1728.,6603.
1729.,6603.
1730.,6603.
1731.,6603.
1732.,6603.
1733.,6603.
1734.,6602.
1735.,6602.
1736.,6603.
1737.,6604.
1738.,6604.
1739.,6605.
1740.,6605.
1741.,6605.
1742.,6605.
1743.,6605.
1744.,6605.
1745.,6607.
1746.,6609.
1747.,6610.
1748.,6612.
1749.,6613.
1750.,6615.
1751.,6616.
1752.,6616.
1753.,6616.
1754.,6618.
1755.,6617.
1756.,6618.
1757.,6618.
1758.,6620.
1759.,6620.
1760.,6621.
1761.,6620.
1762.,6622.
1763.,6625.
1764.,6625.
1765.,6625.
1766.,6626.
1767.,6626.
1768.,6625.
1769.,6625.
1770.,6627.
1771.,6629.
1772.,6627.
1773.,6626.
1774.,6627.
1775.,6627.
1776.,6631.
1777.,6632.
1778.,6633.
1779.,6634.
1780.,6635.
1781.,6635.
1782.,6635.
1783.,6636.
1784.,6637.
1785.,6640.
1786.,6641.
1787.,6642.
1788.,6644.
1789.,6643.
1790.,6644.
1791.,6645.
1792.,6646.
1793.,6648.
1794.,6647.
1795.,6647.
1796.,6648.
1797.,6648.
1798.,6648.
1799.,6648.
1800.,6648.
1801.,6648.
1802.,6650.
1803.,6650.
1804.,6650.
1805.,6650.
1806.,6650.
1807.,6651.
1808.,6652.
1809.,6652.
1810.,6652.
1811.,6652.
1812.,6651.
1813.,6651.
1814.,6653.
1815.,6653.
1816.,6653.
1817.,6653.
1818.,6653.
1819.,6653.
1820.,6654.
1821.,6654.
1822.,6653.
1823.,6653.
1824.,6655.
1825.,6658.
1826.,6656.
1827.,6658.
1828.,6660.
1829.,6660.
1830.,6660.
1831.,6660.
1832.,6659.
1833.,6658.
1834.,6661.
1835.,6661.
1836.,6662.
1837.,6663.
1838.,6663.
1839.,6663.
1840.,6665.
1841.,6664.
1842.,6664.
1843.,6665.
1844.,6665.
1845.,6665.
1846.,6667.
1847.,6666.
1848.,6668.
1849.,6668.
1850.,6666.
1851.,6667.
1852.,6667.
1853.,6668.
1854.,6669.
1855.,6668.
1856.,6668.
1857.,6668.
1858.,6668.
1859.,6668.
1860.,6668.
1861.,6668.
1862.,6668.
1863.,6668.
1864.,6669.
1865.,6670.
1866.,6670.
1867.,6671.
1868.,6672.
1869.,6672.
1870.,6672.
1871.,6673.
1872.,6673.
1873.,6675.
1874.,6675.
1875.,6676.
1876.,6676.
1877.,6676.
1878.,6676.
1879.,6676.
1880.,6676.
1881.,6676.
1882.,6675.
1883.,6677.
1884.,6678.
1885.,6680.
1886.,6679.
1887.,6683.
1888.,6684.
1889.,6688.
1890.,6690.
1891.,6691.
1892.,6693.
1893.,6695.
1894.,6696.
1895.,6696.
1896.,6696.
1897.,6698.
1898.,6699.
1899.,6699.
1900.,6699.
1901.,6701.
1902.,6702.
1903.,6703.
1904.,6703.
1905.,6704.
1906.,6704.
1907.,6704.
1908.,6704.
1909.,6704.
1910.,6704.
1911.,6705.
1912.,6704.
1913.,6704.
1914.,6706.
1915.,6707.
1916.,6708.
1917.,6709.
1918.,6709.
1919.,6711.
1920.,6712.
1921.,6714.
1922.,6714.
1923.,6714.
1924.,6717.
1925.,6717.
1926.,6719.
1927.,6720.
1928.,6721.
1929.,6720.
1930.,6720.
1931.,6720.
1932.,6721.
1933.,6719.
1934.,6719.
1935.,6719.
1936.,6719.
1937.,6719.
1938.,6720.
1939.,6720.
1940.,6720.
1941.,6720.
1942.,6720.
1943.,6720.
1944.,6721.
1945.,6721.
1946.,6721.
1947.,6721.
1948.,6721.
1949.,6721.
1950.,6721.
1951.,6721.
1952.,6721.
1953.,6721.
1954.,6721.
1955.,6721.
1956.,6721.
1957.,6721.
1958.,6721.
1959.,6721.
1960.,6721.
1961.,6721.
1962.,6721.
1963.,6721.
1964.,6721.
1965.,6721.
1966.,6721.
1967.,6721.
1968.,6721.
1969.,6721.
1970.,6721.
1971.,6721.
1972.,6722.
1973.,6722.
1974.,6723.
1975.,6723.
1976.,6723.
1977.,6724.
1978.,6725.
1979.,6726.
1980.,6727.
1981.,6727.
1982.,6727.
1983.,6726.
1984.,6726.
1985.,6727.
1986.,6727.
1987.,6727.
1988.,6727.
1989.,6727.
1990.,6727.
1991.,6728.
1992.,6729.
1993.,6730.
1994.,6731.
1995.,6731.
1996.,6731.
1997.,6732.
1998.,6733.
1999.,6733.
2000.,6733.
2001.,6733.
2002.,6733.
2003.,6733.
2004.,6733.
2005.,6733.
2006.,6733.
2007.,6734.
2008.,6734.
2009.,6736.
2010.,6739.
2011.,6741.
2012.,6741.
2013.,6741.
2014.,6741.
2015.,6741.
2016.,6742.
2017.,6743.
2018.,6743.
2019.,6743.
2020.,6743.
2021.,6743.
2022.,6745.
2023.,6745.
2024.,6746.
2025.,6746.
2026.,6746.
2027.,6746.
2028.,6746.
2029.,6747.
2030.,6748.
2031.,6748.
2032.,6748.
2033.,6748.
2034.,6748.
2035.,6750.
2036.,6751.
2037.,6755.
2038.,6755.
2039.,6754.
2040.,6754.
2041.,6755.
2042.,6755.
2043.,6757.
2044.,6758.
2045.,6760.
2046.,6761.
2047.,6760.
2048.,6760.
2049.,6761.
2050.,6761.
2051.,6761.
2052.,6761.
2053.,6761.
2054.,6762.
2055.,6763.
2056.,6765.
2057.,6765.
2058.,6765.
2059.,6767.
2060.,6767.
2061.,6767.
2062.,6768.
2063.,6768.
2064.,6768.
2065.,6768.
2066.,6768.
2067.,6768.
2068.,6768.
2069.,6769.
2070.,6769.
2071.,6770.
2072.,6770.
2073.,6770.
2074.,6770.
2075.,6771.
2076.,6771.
2077.,6771.
2078.,6771.
2079.,6772.
2080.,6774.
2081.,6776.
2082.,6777.
2083.,6779.
2084.,6781.
2085.,6784.
2086.,6784.
2087.,6783.
2088.,6784.
2089.,6785.
2090.,6787.
2091.,6788.
2092.,6790.
2093.,6790.
2094.,6792.
2095.,6793.
2096.,6794.
2097.,6795.
2098.,6795.
2099.,6795.
2100.,6795.
2101.,6795.
2102.,6795.
2103.,6795.
2104.,6796.
2105.,6796.
2106.,6796.
2107.,6796.
2108.,6794.
2109.,6795.
2110.,6795.
2111.,6796.
2112.,6798.
2113.,6799.
2114.,6798.
2115.,6801.
2116.,6801.
2117.,6803.
2118.,6805.
2119.,6806.
2120.,6807.
2121.,6808.
2122.,6809.
2123.,6809.
2124.,6809.
2125.,6811.
2126.,6812.
2127.,6813.
2128.,6814.
2129.,6813.
2130.,6816.
2131.,6817.
2132.,6820.
2133.,6820.
2134.,6819.
2135.,6820.
2136.,6821.
2137.,6821.
2138.,6820.
2139.,6821.
2140.,6821.
2141.,6822.
2142.,6823.
2143.,6822.
2144.,6823.
2145.,6822.
2146.,6821.
2147.,6823.
2148.,6824.
2149.,6828.
2150.,6828.
2151.,6828.
2152.,6829.
2153.,6831.
2154.,6834.
2155.,6835.
2156.,6835.
2157.,6836.
2158.,6835.
2159.,6835.
2160.,6836.
2161.,6838.
2162.,6839.
2163.,6839.
2164.,6837.
2165.,6837.
2166.,6836.
2167.,6838.
2168.,6839.
2169.,6838.
2170.,6839.
2171.,6839.
2172.,6839.
2173.,6839.
2174.,6839.
2175.,6839.
2176.,6840.
2177.,6841.
2178.,6840.
2179.,6841.
2180.,6841.
2181.,6842.
2182.,6842.
2183.,6842.
2184.,6842.
2185.,6844.
2186.,6843.
2187.,6843.
2188.,6843.
2189.,6843.
2190.,6843.
2191.,6844.
2192.,6844.
2193.,6844.
2194.,6847.
2195.,6847.
2196.,6847.
2197.,6847.
2198.,6849.
2199.,6849.
2200.,6850.
2201.,6851.
2202.,6851.
2203.,6851.
2204.,6851.
2205.,6851.
2206.,6851.
2207.,6851.
2208.,6851.
2209.,6851.
2210.,6852.
2211.,6852.
2212.,6852.
2213.,6852.
2214.,6852.
2215.,6856.
2216.,6857.
2217.,6857.
2218.,6858.
2219.,6858.
2220.,6858.
2221.,6860.
2222.,6862.
2223.,6863.
2224.,6863.
2225.,6864.
2226.,6865.
2227.,6865.
2228.,6867.
2229.,6867.
2230.,6867.
2231.,6867.
2232.,6867.
2233.,6867.
2234.,6869.
2235.,6870.
2236.,6871.
2237.,6871.
2238.,6872.
2239.,6872.
2240.,6876.
2241.,6876.
2242.,6876.
2243.,6877.
2244.,6880.
2245.,6880.
2246.,6881.
2247.,6881.
2248.,6883.
2249.,6885.
2250.,6885.
2251.,6885.
2252.,6886.
2253.,6888.
2254.,6888.
2255.,6888.
2256.,6888.
2257.,6890.
2258.,6890.
2259.,6891.
2260.,6892.
2261.,6892.
2262.,6893.
2263.,6894.
2264.,6896.
2265.,6896.
2266.,6896.
2267.,6896.
2268.,6896.
2269.,6896.
2270.,6895.
2271.,6896.
2272.,6896.
2273.,6896.
2274.,6896.
2275.,6896.
2276.,6896.
2277.,6896.
2278.,6896.
2279.,6896.
2280.,6896.
2281.,6896.
2282.,6896.
2283.,6897.
2284.,6897.
2285.,6897.
2286.,6897.
2287.,6897.
2288.,6898.
2289.,6898.
2290.,6898.
2291.,6900.
2292.,6900.
2293.,6900.
2294.,6901.
2295.,6902.
2296.,6902.
2297.,6902.
2298.,6903.
2299.,6903.
2300.,6904.
2301.,6905.
2302.,6907.
2303.,6908.
2304.,6909.
2305.,6911.
2306.,6914.
2307.,6915.
2308.,6915.
2309.,6918.
2310.,6921.
2311.,6922.
2312.,6921.
2313.,6922.
2314.,6923.
2315.,6925.
2316.,6925.
2317.,6925.
2318.,6924.
2319.,6927.
2320.,6928.
2321.,6928.
2322.,6927.
2323.,6927.
2324.,6929.
2325.,6929.
2326.,6930.
2327.,6931.
2328.,6931.
2329.,6935.
2330.,6937.
2331.,6938.
2332.,6939.
2333.,6940.
2334.,6940.
2335.,6941.
2336.,6942.
2337.,6943.
2338.,6942.
2339.,6945.
2340.,6945.
2341.,6945.
2342.,6945.
2343.,6945.
2344.,6945.
2345.,6946.
2346.,6946.
2347.,6946.
2348.,6946.
2349.,6946.
2350.,6946.
2351.,6947.
2352.,6947.
2353.,6947.
2354.,6948.
2355.,6950.
2356.,6950.
2357.,6951.
2358.,6953.
2359.,6953.
2360.,6954.
2361.,6955.
2362.,6957.
2363.,6959.
2364.,6960.
2365.,6963.
2366.,6963.
2367.,6963.
2368.,6963.
2369.,6963.
2370.,6963.
2371.,6962.
2372.,6964.
2373.,6964.
2374.,6965.
2375.,6966.
2376.,6966.
2377.,6965.
2378.,6965.
2379.,6965.
2380.,6967.
2381.,6969.
2382.,6969.
2383.,6970.
2384.,6970.
2385.,6972.
2386.,6973.
2387.,6973.
2388.,6973.
2389.,6972.
2390.,6972.
2391.,6972.
2392.,6974.
2393.,6973.
2394.,6977.
2395.,6977.
2396.,6977.
2397.,6977.
2398.,6978.
2399.,6979.
2400.,6980.
2401.,6981.
2402.,6981.
2403.,6981.
2404.,6981.
2405.,6981.
2406.,6981.
2407.,6982.
2408.,6983.
2409.,6984.
2410.,6984.
2411.,6986.
2412.,6986.
2413.,6986.
2414.,6988.
2415.,6987.
2416.,6988.
2417.,6988.
2418.,6989.
2419.,6991.
2420.,6996.
2421.,6996.
2422.,6996.
2423.,6999.
2424.,7001.
2425.,7002.
2426.,7002.
2427.,7005.
2428.,7004.
2429.,7006.
2430.,7007.
2431.,7008.
2432.,7008.
2433.,7010.
2434.,7011.
2435.,7011.
2436.,7011.
2437.,7011.
2438.,7012.
2439.,7014.
2440.,7017.
2441.,7020.
2442.,7019.
2443.,7020.
2444.,7022.
2445.,7022.
2446.,7026.
2447.,7029.
2448.,7028.
2449.,7028.
2450.,7028.
2451.,7028.
2452.,7028.
2453.,7029.
2454.,7031.
2455.,7032.
2456.,7035.
2457.,7035.
2458.,7039.
2459.,7040.
2460.,7045.
2461.,7048.
2462.,7050.
2463.,7050.
2464.,7049.
2465.,7047.
2466.,7048.
2467.,7051.
2468.,7054.
2469.,7054.
2470.,7057.
2471.,7060.
2472.,7061.
2473.,7063.
2474.,7065.
2475.,7066.
2476.,7069.
2477.,7070.
2478.,7071.
2479.,7071.
2480.,7069.
2481.,7068.
2482.,7069.
2483.,7071.
2484.,7071.
2485.,7073.
2486.,7078.
2487.,7081.
2488.,7081.
2489.,7086.
2490.,7087.
2491.,7089.
2492.,7089.
2493.,7091.
2494.,7094.
2495.,7095.
2496.,7096.
2497.,7097.
2498.,7097.
2499.,7097.
2500.,7096.
2501.,7097.
2502.,7097.
2503.,7097.
2504.,7098.
2505.,7098.
2506.,7100.
2507.,7100.
2508.,7100.
2509.,7101.
2510.,7100.
2511.,7101.
2512.,7102.
2513.,7102.
2514.,7103.
2515.,7103.
2516.,7103.
2517.,7103.
2518.,7103.
2519.,7103.
2520.,7103.
2521.,7104.
2522.,7104.
2523.,7105.
2524.,7106.
2525.,7106.
2526.,7106.
2527.,7107.
2528.,7107.
2529.,7108.
2530.,7108.
2531.,7108.
2532.,7108.
2533.,7108.
2534.,7108.
2535.,7109.
2536.,7110.
2537.,7111.
2538.,7111.
2539.,7114.
2540.,7115.
2541.,7116.
2542.,7116.
2543.,7116.
2544.,7116.
2545.,7116.
2546.,7117.
2547.,7117.
2548.,7117.
2549.,7117.
2550.,7118.
2551.,7117.
2552.,7117.
2553.,7118.
2554.,7119.
2555.,7119.
2556.,7121.
2557.,7123.
2558.,7124.
2559.,7124.
2560.,7125.
2561.,7125.
2562.,7125.
2563.,7126.
2564.,7127.
2565.,7129.
2566.,7129.
2567.,7131.
2568.,7131.
2569.,7134.
2570.,7134.
2571.,7134.
2572.,7135.
2573.,7135.
2574.,7135.
2575.,7135.
2576.,7135.
2577.,7137.
2578.,7137.
2579.,7138.
2580.,7139.
2581.,7140.
2582.,7140.
2583.,7140.
2584.,7140.
2585.,7139.
2586.,7139.
2587.,7139.
2588.,7140.
2589.,7141.
2590.,7140.
2591.,7141.
2592.,7143.
2593.,7144.
2594.,7146.
2595.,7146.
2596.,7147.
2597.,7148.
2598.,7150.
2599.,7149.
2600.,7152.
2601.,7151.
2602.,7151.
2603.,7151.
2604.,7151.
2605.,7151.
2606.,7151.
2607.,7151.
2608.,7152.
2609.,7152.
2610.,7153.
2611.,7154.
2612.,7154.
2613.,7154.
2614.,7154.
2615.,7155.
2616.,7154.
2617.,7155.
2618.,7156.
2619.,7155.
2620.,7157.
2621.,7156.
2622.,7156.
2623.,7158.
2624.,7159.
2625.,7159.
2626.,7160.
2627.,7159.
2628.,7159.
2629.,7160.
2630.,7162.
2631.,7164.
2632.,7164.
2633.,7163.
2634.,7162.
2635.,7163.
2636.,7164.
2637.,7163.
2638.,7165.
2639.,7166.
2640.,7166.
2641.,7170.
2642.,7172.
2643.,7172.
2644.,7175.
2645.,7179.
2646.,7180.
2647.,7181.
2648.,7184.
2649.,7184.
2650.,7185.
2651.,7187.
2652.,7188.
2653.,7188.
2654.,7192.
2655.,7194.
2656.,7194.
2657.,7194.
2658.,7195.
2659.,7196.
2660.,7199.
2661.,7206.
2662.,7208.
2663.,7208.
2664.,7210.
2665.,7212.
2666.,7215.
2667.,7217.
2668.,7217.
2669.,7220.
2670.,7222.
2671.,7226.
2672.,7228.
2673.,7228.
2674.,7230.
2675.,7231.
2676.,7230.
2677.,7231.
2678.,7232.
2679.,7233.
2680.,7235.
2681.,7235.
2682.,7237.
2683.,7238.
2684.,7238.
2685.,7237.
2686.,7236.
2687.,7237.
2688.,7237.
2689.,7238.
2690.,7237.
2691.,7237.
2692.,7238.
2693.,7240.
2694.,7242.
2695.,7244.
2696.,7245.
2697.,7245.
2698.,7249.
2699.,7253.
2700.,7257.
2701.,7259.
2702.,7259.
2703.,7262.
2704.,7263.
2705.,7264.
2706.,7266.
2707.,7267.
2708.,7267.
2709.,7268.
2710.,7267.
2711.,7269.
2712.,7272.
2713.,7272.
2714.,7272.
2715.,7276.
2716.,7278.
2717.,7278.
2718.,7281.
2719.,7279.
2720.,7281.
2721.,7282.
2722.,7281.
2723.,7281.
2724.,7281.
2725.,7282.
2726.,7283.
2727.,7286.
2728.,7286.
2729.,7289.
2730.,7290.
2731.,7288.
2732.,7290.
2733.,7291.
2734.,7291.
2735.,7292.
2736.,7292.
2737.,7295.
2738.,7294.
2739.,7294.
2740.,7294.
2741.,7294.
2742.,7292.
2743.,7290.
2744.,7295.
2745.,7296.
2746.,7295.
2747.,7295.
2748.,7298.
2749.,7298.
2750.,7298.
2751.,7298.
2752.,7298.
2753.,7299.
2754.,7298.
2755.,7299.
2756.,7302.
2757.,7302.
2758.,7303.
2759.,7303.
2760.,7304.
2761.,7305.
2762.,7308.
2763.,7309.
2764.,7309.
2765.,7312.
2766.,7319.
2767.,7321.
2768.,7322.
2769.,7323.
2770.,7324.
2771.,7330.
2772.,7329.
2773.,7332.
2774.,7333.
2775.,7335.
2776.,7333.
2777.,7334.
2778.,7334.
2779.,7336.
2780.,7338.
2781.,7339.
2782.,7339.
2783.,7340.
2784.,7340.
2785.,7340.
2786.,7340.
2787.,7340.
2788.,7340.
2789.,7341.
2790.,7341.
2791.,7341.
2792.,7341.
2793.,7341.
2794.,7342.
2795.,7343.
2796.,7343.
2797.,7342.
2798.,7342.
2799.,7343.
2800.,7344.
2801.,7345.
2802.,7346.
2803.,7344.
2804.,7344.
2805.,7344.
2806.,7345.
2807.,7345.
2808.,7346.
2809.,7347.
2810.,7350.
2811.,7351.
2812.,7351.
2813.,7351.
2814.,7351.
2815.,7351.
2816.,7351.
2817.,7351.
2818.,7351.
2819.,7351.
2820.,7355.
2821.,7355.
2822.,7356.
2823.,7357.
2824.,7359.
2825.,7360.
2826.,7360.
2827.,7360.
2828.,7362.
2829.,7366.
2830.,7368.
2831.,7371.
2832.,7372.
2833.,7373.
2834.,7373.
2835.,7373.
2836.,7374.
2837.,7376.
2838.,7376.
2839.,7378.
2840.,7383.
2841.,7384.
2842.,7385.
2843.,7386.
2844.,7389.
2845.,7391.
2846.,7392.
2847.,7394.
2848.,7395.
2849.,7396.
2850.,7396.
2851.,7397.
2852.,7397.
2853.,7397.
2854.,7397.
2855.,7397.
2856.,7395.
2857.,7396.
2858.,7396.
2859.,7396.
2860.,7397.
2861.,7397.
2862.,7397.
2863.,7398.
2864.,7401.
2865.,7401.
2866.,7402.
2867.,7403.
2868.,7401.
2869.,7401.
2870.,7401.
2871.,7401.
2872.,7402.
2873.,7402.
2874.,7402.
2875.,7402.
2876.,7403.
2877.,7405.
2878.,7406.
2879.,7407.
2880.,7407.
2881.,7408.
2882.,7408.
2883.,7408.
2884.,7408.
2885.,7409.
2886.,7409.
2887.,7409.
2888.,7409.
2889.,7409.
2890.,7410.
2891.,7415.
2892.,7415.
2893.,7418.
2894.,7420.
2895.,7421.
2896.,7422.
2897.,7421.
2898.,7422.
2899.,7423.
2900.,7425.
2901.,7425.
2902.,7425.
2903.,7428.
2904.,7428.
2905.,7428.
2906.,7429.
2907.,7430.
2908.,7430.
2909.,7430.
2910.,7432.
2911.,7431.
2912.,7430.
2913.,7431.
2914.,7431.
2915.,7431.
2916.,7432.
2917.,7433.
2918.,7436.
2919.,7435.
2920.,7435.
2921.,7435.
2922.,7434.
2923.,7435.
2924.,7435.
2925.,7437.
2926.,7441.
2927.,7441.
2928.,7442.
2929.,7445.
2930.,7446.
2931.,7447.
2932.,7448.
2933.,7450.
2934.,7451.
2935.,7453.
2936.,7453.
2937.,7454.
2938.,7455.
2939.,7455.
2940.,7455.
2941.,7457.
2942.,7458.
2943.,7459.
2944.,7460.
2945.,7461.
2946.,7462.
2947.,7463.
2948.,7464.
2949.,7464.
2950.,7465.
2951.,7465.
2952.,7465.
2953.,7465.
2954.,7465.
2955.,7463.
2956.,7468.
2957.,7469.
2958.,7472.
2959.,7472.
2960.,7474.
2961.,7478.
2962.,7480.
2963.,7482.
2964.,7482.
2965.,7483.
2966.,7484.
2967.,7486.
2968.,7486.
2969.,7486.
2970.,7487.
2971.,7488.
2972.,7488.
2973.,7489.
2974.,7492.
2975.,7492.
2976.,7494.
2977.,7494.
2978.,7494.
2979.,7495.
2980.,7495.
2981.,7494.
2982.,7494.
2983.,7495.
2984.,7497.
2985.,7497.
2986.,7497.
2987.,7499.
2988.,7500.
2989.,7502.
2990.,7502.
2991.,7503.
2992.,7505.
2993.,7505.
2994.,7505.
2995.,7507.
2996.,7507.
2997.,7512.
2998.,7516.
2999.,7518.
3000.,7522.
3001.,7524.
3002.,7526.
3003.,7528.
3004.,7530.
3005.,7530.
3006.,7532.
3007.,7535.
3008.,7538.
3009.,7541.
3010.,7543.
3011.,7543.
3012.,7544.
3013.,7544.
3014.,7546.
3015.,7546.
3016.,7546.
3017.,7546.
3018.,7548.
3019.,7550.
3020.,7549.
3021.,7550.
3022.,7552.
3023.,7556.
3024.,7556.
3025.,7558.
3026.,7558.
3027.,7557.
3028.,7563.
3029.,7565.
3030.,7568.
3031.,7568.
3032.,7569.
3033.,7570.
3034.,7570.
3035.,7570.
3036.,7571.
3037.,7571.
3038.,7573.
3039.,7572.
3040.,7572.
3041.,7571.
3042.,7573.
3043.,7574.
3044.,7574.
3045.,7574.
3046.,7574.
3047.,7575.
3048.,7575.
3049.,7576.
3050.,7578.
3051.,7578.
3052.,7579.
3053.,7580.
3054.,7580.
3055.,7582.
3056.,7582.
3057.,7583.
3058.,7583.
3059.,7582.
3060.,7583.
3061.,7584.
3062.,7585.
3063.,7586.
3064.,7587.
3065.,7587.
3066.,7588.
3067.,7588.
3068.,7589.
3069.,7589.
3070.,7589.
3071.,7588.
3072.,7589.
3073.,7593.
3074.,7593.
3075.,7593.
3076.,7593.
3077.,7594.
3078.,7595.
3079.,7596.
3080.,7597.
3081.,7598.
3082.,7598.
3083.,7597.
3084.,7597.
3085.,7596.
3086.,7600.
3087.,7602.
3088.,7602.
3089.,7600.
3090.,7602.
3091.,7604.
3092.,7607.
3093.,7608.
3094.,7607.
3095.,7608.
3096.,7607.
3097.,7608.
3098.,7609.
3099.,7611.
3100.,7614.
3101.,7615.
3102.,7618.
3103.,7621.
3104.,7625.
3105.,7626.
3106.,7632.
3107.,7632.
3108.,7635.
3109.,7635.
3110.,7636.
3111.,7636.
3112.,7636.
3113.,7635.
3114.,7639.
3115.,7637.
3116.,7638.
3117.,7638.
3118.,7639.
3119.,7641.
3120.,7640.
3121.,7644.
3122.,7647.
3123.,7651.
3124.,7652.
3125.,7651.
3126.,7651.
3127.,7651.
3128.,7652.
3129.,7651.
3130.,7652.
3131.,7652.
3132.,7653.
3133.,7652.
3134.,7653.
3135.,7655.
3136.,7657.
3137.,7658.
3138.,7660.
3139.,7662.
3140.,7662.
3141.,7662.
3142.,7662.
3143.,7663.
3144.,7664.
3145.,7665.
3146.,7666.
3147.,7664.
3148.,7663.
3149.,7665.
3150.,7667.
3151.,7669.
3152.,7669.
3153.,7668.
3154.,7670.
3155.,7673.
3156.,7677.
3157.,7678.
3158.,7679.
3159.,7678.
3160.,7681.
3161.,7684.
3162.,7685.
3163.,7690.
3164.,7689.
3165.,7692.
3166.,7693.
3167.,7696.
3168.,7698.
3169.,7696.
3170.,7697.
3171.,7696.
3172.,7698.
3173.,7702.
3174.,7702.
3175.,7702.
3176.,7704.
3177.,7704.
3178.,7706.
3179.,7708.
3180.,7709.
3181.,7712.
3182.,7714.
3183.,7718.
3184.,7721.
3185.,7722.
3186.,7724.
3187.,7726.
3188.,7731.
3189.,7730.
3190.,7732.
3191.,7732.
3192.,7733.
3193.,7733.
3194.,7733.
3195.,7733.
3196.,7734.
3197.,7736.
3198.,7738.
3199.,7738.
3200.,7739.
3201.,7739.
3202.,7742.
3203.,7746.
3204.,7744.
3205.,7747.
3206.,7752.
3207.,7750.
3208.,7751.
3209.,7751.
3210.,7752.
3211.,7755.
3212.,7756.
3213.,7756.
3214.,7756.
3215.,7758.
3216.,7759.
3217.,7761.
3218.,7761.
3219.,7761.
3220.,7761.
3221.,7763.
3222.,7766.
3223.,7769.
3224.,7770.
3225.,7773.
3226.,7775.
3227.,7777.
3228.,7777.
3229.,7777.
3230.,7778.
3231.,7780.
3232.,7779.
3233.,7779.
3234.,7779.
3235.,7780.
3236.,7782.
3237.,7782.
3238.,7783.
3239.,7783.
3240.,7785.
3241.,7787.
3242.,7787.
3243.,7787.
3244.,7791.
3245.,7795.
3246.,7798.
3247.,7798.
3248.,7800.
3249.,7801.
3250.,7801.
3251.,7800.
3252.,7801.
3253.,7802.
3254.,7801.
3255.,7802.
3256.,7804.
3257.,7806.
3258.,7806.
3259.,7809.
3260.,7809.
3261.,7810.
3262.,7811.
3263.,7811.
3264.,7812.
3265.,7812.
3266.,7813.
3267.,7814.
3268.,7816.
3269.,7818.
3270.,7817.
3271.,7819.
3272.,7819.
3273.,7819.
3274.,7820.
3275.,7819.
3276.,7821.
3277.,7824.
3278.,7825.
3279.,7825.
3280.,7826.
3281.,7826.
3282.,7826.
3283.,7828.
3284.,7827.
3285.,7829.
3286.,7834.
3287.,7834.
3288.,7834.
3289.,7835.
3290.,7837.
3291.,7839.
3292.,7841.
3293.,7841.
3294.,7845.
3295.,7845.
3296.,7848.
3297.,7850.
3298.,7851.
3299.,7851.
3300.,7851.
3301.,7852.
3302.,7855.
3303.,7855.
3304.,7835.
3305.,7836.
3306.,7838.
3307.,7838.
3308.,7839.
3309.,7839.
3310.,7839.
3311.,7840.
3312.,7839.
3313.,7840.
3314.,7843.
3315.,7841.
3316.,7844.
3317.,7850.
3318.,7852.
3319.,7854.
3320.,7857.
3321.,7861.
3322.,7867.
3323.,7870.
3324.,7874.
3325.,7874.
3326.,7874.
3327.,7878.
3328.,7878.
3329.,7879.
3330.,7880.
3331.,7885.
3332.,7884.
3333.,7886.
3334.,7890.
3335.,7892.
3336.,7893.
3337.,7897.
3338.,7898.
3339.,7902.
3340.,7902.
3341.,7903.
3342.,7904.
3343.,7907.
3344.,7911.
3345.,7914.
3346.,7914.
3347.,7915.
3348.,7916.
3349.,7921.
3350.,7924.
3351.,7925.
3352.,7933.
3353.,7933.
3354.,7933.
3355.,7936.
3356.,7940.
3357.,7942.
3358.,7945.
3359.,7949.
3360.,7951.
3361.,7955.
3362.,7956.
3363.,7958.
3364.,7959.
3365.,7965.
3366.,7967.
3367.,7969.
3368.,7969.
3369.,7973.
3370.,7976.
3371.,7977.
3372.,7978.
3373.,7979.
3374.,7980.
3375.,7985.
3376.,7987.
3377.,7987.
3378.,7988.
3379.,7987.
3380.,7987.
3381.,7987.
3382.,7987.
3383.,7987.
3384.,7987.
3385.,7987.
3386.,7987.
3387.,7989.
3388.,7989.
3389.,7991.
3390.,7991.
3391.,7992.
3392.,7993.
3393.,7995.
3394.,7997.
3395.,8000.
3396.,7999.
3397.,8000.
3398.,8000.
3399.,8001.
3400.,8002.
3401.,8003.
3402.,8003.
3403.,8005.
3404.,8004.
3405.,8006.
3406.,8007.
3407.,8007.
3408.,8007.
3409.,8008.
3410.,8006.
3411.,8006.
3412.,8007.
3413.,8008.
3414.,8008.
3415.,8009.
3416.,8010.
3417.,8011.
3418.,8012.
3419.,8014.
3420.,8016.
3421.,8022.
3422.,8021.
3423.,8026.
3424.,8027.
3425.,8029.
3426.,8029.
3427.,8030.
3428.,8036.
3429.,8037.
3430.,8038.
3431.,8039.
3432.,8045.
3433.,8047.
3434.,8051.
3435.,8054.
3436.,8056.
3437.,8058.
3438.,8060.
3439.,8062.
3440.,8070.
3441.,8076.
3442.,8077.
3443.,8076.
3444.,8079.
3445.,8082.
3446.,8083.
3447.,8087.
3448.,8094.
3449.,8099.
3450.,8101.
3451.,8108.
3452.,8113.
3453.,8115.
3454.,8118.
3455.,8122.
3456.,8122.
3457.,8122.
3458.,8122.
3459.,8124.
3460.,8126.
3461.,8127.
3462.,8128.
3463.,8128.
3464.,8130.
3465.,8134.
3466.,8136.
3467.,8139.
3468.,8139.
3469.,8140.
3470.,8141.
3471.,8141.
3472.,8143.
3473.,8143.
3474.,8145.
3475.,8145.
3476.,8145.
3477.,8147.
3478.,8147.
3479.,8148.
3480.,8148.
3481.,8150.
3482.,8151.
3483.,8155.
3484.,8155.
3485.,8154.
3486.,8155.
3487.,8154.
3488.,8155.
3489.,8156.
3490.,8156.
3491.,8156.
3492.,8156.
3493.,8157.
3494.,8157.
3495.,8158.
3496.,8158.
3497.,8160.
3498.,8160.
3499.,8162.
3500.,8163.
3501.,8164.
3502.,8165.
3503.,8167.
3504.,8168.
3505.,8169.
3506.,8169.
3507.,8170.
3508.,8170.
3509.,8170.
3510.,8171.
3511.,8171.
3512.,8175.
3513.,8174.
3514.,8174.
3515.,8174.
3516.,8175.
3517.,8176.
3518.,8177.
3519.,8178.
3520.,8179.
3521.,8181.
3522.,8181.
3523.,8180.
3524.,8179.
3525.,8184.
3526.,8185.
3527.,8185.
3528.,8186.
3529.,8187.
3530.,8187.
3531.,8192.
3532.,8195.
3533.,8195.
3534.,8196.
3535.,8196.
3536.,8197.
3537.,8198.
3538.,8198.
3539.,8198.
3540.,8200.
3541.,8203.
3542.,8205.
3543.,8206.
3544.,8207.
3545.,8208.
3546.,8211.
3547.,8211.
3548.,8211.
3549.,8211.
3550.,8211.
3551.,8212.
3552.,8212.
3553.,8212.
3554.,8213.
3555.,8213.
3556.,8214.
3557.,8217.
3558.,8220.
3559.,8220.
3560.,8220.
3561.,8220.
3562.,8222.
3563.,8223.
3564.,8227.
3565.,8227.
3566.,8229.
3567.,8231.
3568.,8231.
3569.,8232.
3570.,8234.
3571.,8236.
3572.,8240.
3573.,8241.
3574.,8243.
3575.,8246.
3576.,8248.
3577.,8252.
3578.,8252.
3579.,8252.
3580.,8256.
3581.,8257.
3582.,8258.
3583.,8260.
3584.,8262.
3585.,8262.
3586.,8262.
3587.,8263.
3588.,8265.
3589.,8266.
3590.,8266.
3591.,8267.
3592.,8269.
3593.,8271.
3594.,8271.
3595.,8273.
3596.,8275.
3597.,8276.
3598.,8278.
3599.,8278.
3600.,8278.
3601.,8279.
3602.,8281.
3603.,8281.
3604.,8281.
3605.,8282.
3606.,8283.
3607.,8283.
3608.,8283.
3609.,8283.
3610.,8283.
3611.,8283.
3612.,8283.
3613.,8283.
3614.,8284.
3615.,8284.
3616.,8285.
3617.,8286.
3618.,8286.
3619.,8286.
3620.,8287.
3621.,8287.
3622.,8287.
3623.,8287.
3624.,8287.
3625.,8287.
3626.,8287.
3627.,8287.
3628.,8287.
3629.,8287.
3630.,8287.
3631.,8287.
3632.,8287.
3633.,8287.
3634.,8287.
3635.,8287.
3636.,8287.
3637.,8287.
3638.,8287.
3639.,8287.
3640.,8287.
3641.,8287.
3642.,8287.
3643.,8287.
3644.,8287.
3645.,8287.
3646.,8287.
3647.,8288.
3648.,8291.
3649.,8291.
3650.,8292.
3651.,8293.
3652.,8293.
3653.,8294.
3654.,8295.
3655.,8297.
3656.,8298.
3657.,8298.
3658.,8298.
3659.,8299.
3660.,8298.
3661.,8299.
3662.,8300.
3663.,8300.
3664.,8300.
3665.,8299.
3666.,8299.
3667.,8299.
3668.,8299.
3669.,8299.
3670.,8299.
3671.,8299.
3672.,8300.
3673.,8300.
3674.,8300.
3675.,8300.
3676.,8300.
3677.,8299.
3678.,8301.
3679.,8302.
3680.,8302.
3681.,8303.
3682.,8304.
3683.,8304.
3684.,8304.
3685.,8305.
3686.,8305.
3687.,8305.
3688.,8307.
3689.,8307.
3690.,8308.
3691.,8309.
3692.,8308.
3693.,8308.
3694.,8309.
3695.,8310.
3696.,8311.
3697.,8313.
3698.,8317.
3699.,8317.
3700.,8318.
3701.,8319.
3702.,8324.
3703.,8324.
3704.,8325.
3705.,8325.
3706.,8326.
3707.,8326.
3708.,8327.
3709.,8329.
3710.,8329.
3711.,8330.
3712.,8330.
3713.,8332.
3714.,8335.
3715.,8339.
3716.,8340.
3717.,8342.
3718.,8342.
3719.,8344.
3720.,8347.
3721.,8349.
3722.,8349.
3723.,8350.
3724.,8356.
3725.,8356.
3726.,8356.
3727.,8356.
3728.,8356.
3729.,8357.
3730.,8357.
3731.,8360.
3732.,8361.
3733.,8362.
3734.,8362.
3735.,8363.
3736.,8364.
3737.,8366.
3738.,8368.
3739.,8368.
3740.,8368.
3741.,8369.
3742.,8370.
3743.,8371.
3744.,8372.
3745.,8372.
3746.,8372.
3747.,8372.
3748.,8372.
3749.,8372.
3750.,8373.
3751.,8371.
3752.,8372.
3753.,8373.
3754.,8373.
3755.,8374.
3756.,8375.
3757.,8374.
3758.,8375.
3759.,8378.
3760.,8378.
3761.,8378.
3762.,8378.
3763.,8383.
3764.,8383.
3765.,8383.
3766.,8382.
3767.,8384.
3768.,8384.
3769.,8385.
3770.,8381.
3771.,8382.
3772.,8385.
3773.,8386.
3774.,8388.
3775.,8388.
3776.,8389.
3777.,8390.
3778.,8389.
3779.,8390.
3780.,8390.
3781.,8392.
3782.,8392.
3783.,8393.
3784.,8393.
3785.,8393.
3786.,8392.
3787.,8393.
3788.,8395.
3789.,8395.
3790.,8395.
3791.,8396.
3792.,8396.
3793.,8398.
3794.,8399.
3795.,8400.
3796.,8401.
3797.,8402.
3798.,8403.
3799.,8404.
3800.,8406.
3801.,8406.
3802.,8406.
3803.,8406.
3804.,8407.
3805.,8409.
3806.,8413.
3807.,8414.
3808.,8414.
3809.,8415.
3810.,8416.
3811.,8414.
3812.,8414.
3813.,8414.
3814.,8414.
3815.,8415.
3816.,8416.
3817.,8416.
3818.,8415.
3819.,8415.
3820.,8417.
3821.,8416.
3822.,8417.
3823.,8416.
3824.,8417.
3825.,8418.
3826.,8419.
3827.,8420.
3828.,8419.
3829.,8419.
3830.,8419.
3831.,8420.
3832.,8421.
3833.,8423.
3834.,8423.
3835.,8422.
3836.,8426.
3837.,8426.
3838.,8427.
3839.,8428.
3840.,8429.
3841.,8428.
3842.,8428.
3843.,8430.
3844.,8432.
3845.,8432.
3846.,8432.
3847.,8431.
3848.,8432.
3849.,8432.
3850.,8433.
3851.,8435.
3852.,8437.
3853.,8438.
3854.,8435.
3855.,8437.
3856.,8439.
3857.,8440.
3858.,8442.
3859.,8448.
3860.,8451.
3861.,8453.
3862.,8454.
3863.,8453.
3864.,8453.
3865.,8453.
3866.,8452.
3867.,8454.
3868.,8453.
3869.,8454.
3870.,8455.
3871.,8455.
3872.,8454.
3873.,8457.
3874.,8457.
3875.,8458.
3876.,8461.
3877.,8461.
3878.,8462.
3879.,8463.
3880.,8469.
3881.,8469.
3882.,8473.
3883.,8472.
3884.,8475.
3885.,8477.
3886.,8477.
3887.,8478.
3888.,8481.
3889.,8482.
3890.,8484.
3891.,8486.
3892.,8487.
3893.,8490.
3894.,8493.
3895.,8494.
3896.,8494.
3897.,8494.
3898.,8494.
3899.,8482.
3900.,8488.
3901.,8491.
3902.,8492.
3903.,8494.
3904.,8494.
3905.,8495.
3906.,8495.
3907.,8497.
3908.,8499.
3909.,8499.
3910.,8500.
3911.,8503.
3912.,8489.
3913.,8493.
3914.,8496.
3915.,8497.
3916.,8499.
3917.,8501.
3918.,8504.
3919.,8506.
3920.,8507.
3921.,8509.
3922.,8511.
3923.,8520.
3924.,8520.
3925.,8523.
3926.,8526.
3927.,8527.
3928.,8531.
3929.,8533.
3930.,8537.
3931.,8538.
3932.,8539.
3933.,8540.
3934.,8541.
3935.,8542.
3936.,8546.
3937.,8550.
3938.,8552.
3939.,8555.
3940.,8556.
3941.,8557.
3942.,8558.
3943.,8558.
3944.,8558.
3945.,8561.
3946.,8562.
3947.,8563.
3948.,8563.
3949.,8564.
3950.,8567.
3951.,8571.
3952.,8571.
3953.,8576.
3954.,8579.
3955.,8580.
3956.,8581.
3957.,8582.
3958.,8585.
3959.,8585.
3960.,8588.
3961.,8589.
3962.,8592.
3963.,8594.
3964.,8595.
3965.,8595.
3966.,8598.
3967.,8598.
3968.,8599.
3969.,8603.
3970.,8606.
3971.,8611.
3972.,8611.
3973.,8611.
3974.,8584.
3975.,8588.
3976.,8596.
3977.,8598.
3978.,8600.
3979.,8605.
3980.,8606.
3981.,8607.
3982.,8609.
3983.,8610.
3984.,8613.
3985.,8615.
3986.,8616.
3987.,8616.
3988.,8616.
3989.,8616.
3990.,8616.
3991.,8619.
3992.,8617.
3993.,8619.
3994.,8621.
3995.,8619.
3996.,8619.
3997.,8619.
3998.,8621.
3999.,8625.
4000.,8625.
4001.,8625.
4002.,8628.
4003.,8629.
4004.,8634.
4005.,8635.
4006.,8639.
4007.,8641.
4008.,8642.
4009.,8643.
4010.,8644.
4011.,8645.
4012.,8647.
4013.,8647.
4014.,8651.
4015.,8655.
4016.,8657.
4017.,8659.
4018.,8660.
4019.,8663.
4020.,8663.
4021.,8653.
4022.,8660.
4023.,8659.
4024.,8650.
4025.,8656.
4026.,8662.
4027.,8667.
4028.,8668.
4029.,8671.
4030.,8673.
4031.,8676.
4032.,8681.
4033.,8684.
4034.,8685.
4035.,8687.
4036.,8690.
4037.,8689.
4038.,8693.
4039.,8698.
4040.,8701.
4041.,8706.
4042.,8707.
4043.,8711.
4044.,8715.
4045.,8717.
4046.,8718.
4047.,8719.
4048.,8724.
4049.,8726.
4050.,8727.
4051.,8728.
4052.,8728.
4053.,8730.
4054.,8732.
4055.,8736.
4056.,8737.
4057.,8739.
4058.,8743.
4059.,8751.
4060.,8757.
4061.,8762.
4062.,8766.
4063.,8767.
4064.,8771.
4065.,8776.
4066.,8779.
4067.,8781.
4068.,8783.
4069.,8786.
4070.,8771.
4071.,8773.
4072.,8774.
4073.,8774.
4074.,8776.
4075.,8778.
4076.,8783.
4077.,8791.
4078.,8792.
4079.,8792.
4080.,8796.
4081.,8800.
4082.,8805.
4083.,8806.
4084.,8807.
4085.,8808.
4086.,8807.
4087.,8807.
4088.,8808.
4089.,8808.
4090.,8809.
4091.,8808.
4092.,8809.
4093.,8814.
4094.,8815.
4095.,8817.
4096.,8818.
4097.,8819.
4098.,8818.
4099.,8819.
4100.,8821.
4101.,8825.
4102.,8824.
4103.,8826.
4104.,8829.
4105.,8830.
4106.,8830.
4107.,8831.
4108.,8834.
4109.,8836.
4110.,8841.
4111.,8845.
4112.,8849.
4113.,8852.
4114.,8855.
4115.,8857.
4116.,8857.
4117.,8859.
4118.,8861.
4119.,8863.
4120.,8862.
4121.,8870.
4122.,8872.
4123.,8875.
4124.,8879.
4125.,8884.
4126.,8885.
4127.,8887.
4128.,8888.
4129.,8894.
4130.,8875.
4131.,8881.
4132.,8884.
4133.,8888.
4134.,8891.
4135.,8896.
4136.,8898.
4137.,8898.
4138.,8899.
4139.,8901.
4140.,8905.
4141.,8907.
4142.,8910.
4143.,8915.
4144.,8918.
4145.,8922.
4146.,8924.
4147.,8928.
4148.,8932.
4149.,8937.
4150.,8940.
4151.,8943.
4152.,8945.
4153.,8948.
4154.,8949.
4155.,8949.
4156.,8950.
4157.,8957.
4158.,8957.
4159.,8962.
4160.,8965.
4161.,8969.
4162.,8972.
4163.,8978.
4164.,8980.
4165.,8982.
4166.,8986.
4167.,8989.
4168.,8963.
4169.,8966.
4170.,8971.
4171.,8975.
4172.,8978.
4173.,8980.
4174.,8982.
4175.,8986.
4176.,8987.
4177.,8990.
4178.,8992.
4179.,8995.
4180.,8999.
4181.,9004.
4182.,9004.
4183.,9006.
4184.,9008.
4185.,9008.
4186.,9009.
4187.,9010.
4188.,9012.
4189.,9014.
4190.,9022.
4191.,9022.
4192.,9027.
4193.,9029.
4194.,9030.
4195.,9035.
4196.,9015.
4197.,9018.
4198.,9021.
4199.,9022.
4200.,9025.
4201.,9031.
4202.,9035.
4203.,9038.
4204.,9038.
4205.,9041.
4206.,9041.
4207.,9046.
4208.,9047.
4209.,9049.
4210.,9052.
4211.,9052.
4212.,9054.
4213.,9056.
4214.,9058.
4215.,9059.
4216.,9061.
4217.,9065.
4218.,9065.
4219.,9049.
4220.,9052.
4221.,9058.
4222.,9064.
4223.,9066.
4224.,9069.
4225.,9073.
4226.,9082.
4227.,9084.
4228.,9089.
4229.,9092.
4230.,9090.
4231.,9095.
4232.,9095.
4233.,9097.
4234.,9096.
4235.,9099.
4236.,9099.
4237.,9102.
4238.,9103.
4239.,9105.
4240.,9107.
4241.,9112.
4242.,9115.
4243.,9117.
4244.,9117.
4245.,9119.
4246.,9121.
4247.,9121.
4248.,9123.
4249.,9100.
4250.,9101.
4251.,9101.
4252.,9102.
4253.,9104.
4254.,9107.
4255.,9108.
4256.,9110.
4257.,9112.
4258.,9114.
4259.,9117.
4260.,9119.
4261.,9121.
4262.,9121.
4263.,9121.
4264.,9122.
4265.,9127.
4266.,9128.
4267.,9128.
4268.,9128.
4269.,9129.
4270.,9136.
4271.,9139.
4272.,9143.
4273.,9143.
4274.,9144.
4275.,9147.
4276.,9147.
4277.,9148.
4278.,9150.
4279.,9153.
4280.,9155.
4281.,9157.
4282.,9159.
4283.,9162.
4284.,9165.
4285.,9165.
4286.,9167.
4287.,9168.
4288.,9170.
4289.,9172.
4290.,9173.
4291.,9175.
4292.,9175.
4293.,9175.
4294.,9178.
4295.,9178.
4296.,9178.
4297.,9179.
4298.,9181.
4299.,9181.
4300.,9181.
4301.,9181.
4302.,9181.
4303.,9181.
4304.,9180.
4305.,9182.
4306.,9182.
4307.,9182.
4308.,9184.
4309.,9185.
4310.,9188.
4311.,9191.
4312.,9194.
4313.,9197.
4314.,9200.
4315.,9201.
4316.,9202.
4317.,9203.
4318.,9205.
4319.,9206.
4320.,9205.
4321.,9205.
4322.,9210.
4323.,9211.
4324.,9213.
4325.,9213.
4326.,9214.
4327.,9214.
4328.,9216.
4329.,9216.
4330.,9194.
4331.,9194.
4332.,9196.
4333.,9196.
4334.,9197.
4335.,9199.
4336.,9200.
4337.,9201.
4338.,9206.
4339.,9208.
4340.,9212.
4341.,9215.
4342.,9216.
4343.,9221.
4344.,9220.
4345.,9207.
4346.,9212.
4347.,9216.
4348.,9220.
4349.,9221.
4350.,9222.
4351.,9223.
4352.,9226.
4353.,9209.
4354.,9216.
4355.,9220.
4356.,9225.
4357.,9226.
4358.,9226.
4359.,9227.
4360.,9228.
4361.,9227.
4362.,9228.
4363.,9230.
4364.,9233.
4365.,9233.
4366.,9235.
4367.,9234.
4368.,9235.
4369.,9235.
4370.,9237.
4371.,9240.
4372.,9241.
4373.,9244.
4374.,9247.
4375.,9249.
4376.,9250.
4377.,9252.
4378.,9252.
4379.,9253.
4380.,9255.
4381.,9256.
4382.,9245.
4383.,9253.
4384.,9257.
4385.,9236.
4386.,9243.
4387.,9250.
4388.,9252.
4389.,9258.
4390.,9258.
4391.,9261.
4392.,9263.
4393.,9264.
4394.,9264.
4395.,9266.
4396.,9266.
4397.,9268.
4398.,9272.
4399.,9273.
4400.,9274.
4401.,9275.
4402.,9277.
4403.,9278.
4404.,9281.
4405.,9270.
4406.,9274.
4407.,9278.
4408.,9264.
4409.,9271.
4410.,9276.
4411.,9279.
4412.,9284.
4413.,9287.
4414.,9290.
4415.,9290.
4416.,9295.
4417.,9296.
4418.,9297.
4419.,9297.
4420.,9300.
4421.,9301.
4422.,9301.
4423.,9306.
4424.,9288.
4425.,9288.
4426.,9292.
4427.,9298.
4428.,9300.
4429.,9306.
4430.,9308.
4431.,9299.
4432.,9307.
4433.,9314.
4434.,9316.
4435.,9319.
4436.,9317.
4437.,9319.
4438.,9323.
4439.,9326.
